{
  "baseline": {
    "mse": 0.531851053237915,
    "mae": 0.5533404350280762,
    "rmse": 0.7292811894173022,
    "angle": 0.4180589020252228,
    "mag_mae": 0.5512329339981079,
    "div_abs": 0.1841488778591156,
    "mse_N": 0.6266869306564331,
    "mse_S": 0.4370151460170746,
    "score": 0.6797935366630554
  },
  "spherical": {
    "mse": 0.5256954431533813,
    "mae": 0.5470877289772034,
    "rmse": 0.7250485798575026,
    "angle": 0.4335561990737915,
    "mag_mae": 0.45459306240081787,
    "div_abs": 0.19407999515533447,
    "mse_N": 0.6234615445137024,
    "mse_S": 0.4279293119907379,
    "score": 0.6675699949264526
  },
  "winner": "spherical",
  "weights": {
    "w_mse": 1.0,
    "w_ang": 0.2,
    "w_mag": 0.1,
    "w_div": 0.05
  },
  "common_grid": {
    "H": 64,
    "W": 128
  }
}